T,Mean_IoBB,Mean_IoU,Box_area,IoBB_0.1,IoBB_0.25,IoBB_0.5,Centre_0.25
0.05,0.0926372155828757,0.09196261940020387,0.9225968021027585,0.3191489361702128,0.07712765957446809,0.010638297872340425,0.0797872340425532
0.1,0.10536951875396557,0.10347691057120405,0.8439254126650222,0.32978723404255317,0.10904255319148937,0.026595744680851064,0.11436170212765957
0.15,0.1255599420819851,0.11862227229393993,0.7594386364551301,0.35904255319148937,0.14361702127659576,0.0425531914893617,0.15425531914893617
0.2,0.1456573357425549,0.1334449050248712,0.6832195139945821,0.38563829787234044,0.17287234042553193,0.07446808510638298,0.17553191489361702
0.25,0.1696655506911014,0.14583921079414708,0.6010883437826279,0.4228723404255319,0.2127659574468085,0.09840425531914894,0.21010638297872342
0.3,0.19448920229242997,0.1581842233043763,0.5249948146495413,0.4574468085106383,0.2553191489361702,0.1276595744680851,0.2473404255319149
0.35,0.2217124401707854,0.1677150665157505,0.4579789917519752,0.48138297872340424,0.2978723404255319,0.15691489361702127,0.2632978723404255
0.4,0.2399768560231342,0.1752356898526307,0.40359609685045605,0.5186170212765957,0.3271276595744681,0.17819148936170212,0.27393617021276595
0.45,0.26275848975565036,0.1806401918182415,0.33919786899647814,0.5345744680851063,0.35904255319148937,0.20212765957446807,0.2872340425531915
0.5,0.29172850002435463,0.1825569289497524,0.281382606384602,0.5531914893617021,0.3670212765957447,0.26063829787234044,0.2898936170212766
0.55,0.31284578534517715,0.18281507799060936,0.2376955950513799,0.5638297872340425,0.3962765957446808,0.2898936170212766,0.29521276595744683
0.6,0.3310796710957427,0.177771532053898,0.19719043183833995,0.5824468085106383,0.4148936170212766,0.31117021276595747,0.2978723404255319
0.65,0.35337853546440334,0.1672787565943723,0.15902899681253635,0.5851063829787234,0.43882978723404253,0.3324468085106383,0.29521276595744683
0.7,0.3649467277386959,0.1520855600255413,0.12827330954531405,0.5851063829787234,0.45478723404255317,0.3484042553191489,0.300531914893617
0.75,0.3795904997003068,0.13303159697552117,0.09710496283592061,0.5718085106382979,0.46808510638297873,0.3696808510638298,0.30851063829787234
0.8,0.3875060449146834,0.11591804750541507,0.07529688896016871,0.5691489361702128,0.4734042553191489,0.3829787234042553,0.30851063829787234
0.85,0.40095979577827434,0.09830978576016151,0.05360494015064645,0.5664893617021277,0.4734042553191489,0.39893617021276595,0.29521276595744683
0.9,0.41089627201928214,0.07569863090012874,0.037084120385190274,0.5531914893617021,0.47074468085106386,0.4122340425531915,0.2925531914893617
0.95,0.4228431336070503,0.04769336658477368,0.020380398060413116,0.5292553191489362,0.47074468085106386,0.4175531914893617,0.2765957446808511
