Image,Class,IoBB,IoU,Box_area,Centre_IoBB
00014687_001.png,Atelectasis,0.13392234644701478,0.13281647199638424,0.05230236053466797,0.0
00022098_006.png,Atelectasis,0.36552168973582766,0.2399867724770407,0.044830322265625,0.12345393439093567
00021007_000.png,Atelectasis,0.026855570370056873,0.026855570370056873,0.3809967041015625,0.026855570370056873
00003945_004.png,Atelectasis,0.2110911136178987,0.20246987890556764,0.193359375,0.2110911136178987
00000808_002.png,Atelectasis,0.20514655996891829,0.19075091697753505,0.12932586669921875,0.2548709309329351
00000181_061.png,Atelectasis,0.2085148734200818,0.2085148734200818,0.2491455078125,0.12374839515546629
00009669_003.png,Atelectasis,0.12628944465331765,0.12628944465331765,0.43471240997314453,0.10123341480877301
00000468_033.png,Atelectasis,0.0,0.0,0.14013290405273438,0.01647402275988693
00028173_016.png,Atelectasis,0.461353327203731,0.40438005560830326,0.024610519409179688,0.06676658492819178
00004968_003.png,Atelectasis,0.21177169133153878,0.21177169133153878,0.12774658203125,0.0
00028012_001.png,Atelectasis,0.4071377429783716,0.18666560317561717,0.038918495178222656,0.21692338350218074
00016267_000.png,Atelectasis,0.1386104298505383,0.12534472287589535,0.19648075103759766,0.08043299812577791
00020673_005.png,Atelectasis,0.0,0.0,0.0642538070678711,0.13906350437767737
00023176_010.png,Atelectasis,0.6854534394234175,0.2820951905477708,0.04792213439941406,0.5308513543247763
00010478_012.png,Atelectasis,0.4936925302011257,0.421580429711609,0.07158946990966797,0.06994647533462377
00008005_004.png,Atelectasis,0.10734583513273638,0.10657287465401871,0.1276988983154297,0.033196995189332335
00021495_005.png,Atelectasis,0.22406577583062287,0.2240657758306229,0.338653564453125,0.0739340782268853
00018496_006.png,Atelectasis,0.33919294747336987,0.3166767773779953,0.44418907165527344,0.19391473503010687
00004968_004.png,Atelectasis,0.6623306321153256,0.4332670013767153,0.026437759399414062,0.0
00000211_010.png,Atelectasis,0.09288297815468895,0.09271469635545734,0.1726531982421875,0.08978524528172148
00007676_002.png,Atelectasis,0.03237620015760685,0.032376200157606845,0.3319053649902344,0.03237620015760685
00005089_002.png,Atelectasis,0.24813275786858657,0.24082333390862806,0.17037677764892578,0.07654008141919108
00000468_017.png,Atelectasis,0.0,0.0,0.15899276733398438,0.0
00030106_008.png,Atelectasis,0.32173140677716283,0.20275968977835632,0.06494140625,0.1365521454227474
00015262_005.png,Atelectasis,0.06282343212883641,0.06282343212883641,0.21938323974609375,0.03962385967772682
00010625_014.png,Atelectasis,0.4273538559503531,0.4023496914414564,0.1452922821044922,0.46323911124452966
00006851_034.png,Atelectasis,0.02694229825304189,0.02694229825304189,0.6918582916259766,0.02694229825304189
00019495_004.png,Atelectasis,0.1664069361891269,0.15599158051551473,0.023908615112304688,0.0
00006851_033.png,Atelectasis,0.0514405654546472,0.050908359134234,0.16346168518066406,0.032784745884390905
00026886_004.png,Atelectasis,0.0,0.0,0.04181671142578125,0.0812171461088248
00010575_002.png,Atelectasis,0.1542878266565886,0.15428782665658858,0.2288818359375,0.05593222675736974
00011857_001.png,Atelectasis,0.29635755958901266,0.23341738692019828,0.02901935577392578,0.0
00022155_008.png,Atelectasis,0.0,0.0,0.0749216079711914,0.0
00013508_001.png,Atelectasis,0.12415213063825402,0.09870952056238379,0.04039287567138672,0.040787102358366176
00008554_009.png,Atelectasis,0.08079002676133837,0.08028685441160828,0.4199409484863281,0.08705720902196673
00001836_082.png,Atelectasis,0.021320567625542197,0.021320567625542197,0.8010063171386719,0.021320567625542197
00021024_022.png,Atelectasis,0.6651417365926788,0.4226991480401966,0.023865699768066406,0.0
00011827_003.png,Atelectasis,0.6641406383341883,0.5050445222524554,0.036895751953125,0.1504250163748371
00003440_000.png,Atelectasis,0.0,0.0,0.03936767578125,0.0
00000457_004.png,Atelectasis,0.018457946464769413,0.014684928220085741,0.0339202880859375,0.0
00005089_014.png,Atelectasis,0.04161810329022531,0.041229107988331654,0.18529701232910156,0.05105307098352957
00007710_000.png,Atelectasis,0.49185395132960513,0.4027345662327932,0.02512359619140625,0.0
00014663_013.png,Atelectasis,0.046644319829508,0.046644319829508,0.5444784164428711,0.046644319829508
00006948_002.png,Atelectasis,0.016358534005536995,0.015570798363128453,0.16633987426757812,0.0
00000072_000.png,Atelectasis,0.022507540841543265,0.022507540841543265,0.44617366790771484,0.022507540841543265
00000643_002.png,Atelectasis,0.0,0.0,0.05194377899169922,0.0
00002856_009.png,Atelectasis,0.11303183996984519,0.11303183996984519,0.186248779296875,0.012034058095193286
00028620_000.png,Atelectasis,0.05298092977514653,0.05193157644593293,0.16729354858398438,0.0
00019706_014.png,Atelectasis,0.0,0.0,0.02460479736328125,0.0
00021377_016.png,Atelectasis,0.32880812497399164,0.32880812497399153,0.051540374755859375,0.0
00000830_000.png,Atelectasis,0.5499083752742292,0.432134438304548,0.03773212432861328,0.09702724282021866
00015440_000.png,Atelectasis,0.03238365216569898,0.030914812850585904,0.12450027465820312,0.0
00029843_001.png,Atelectasis,0.015949059758583545,0.015949059758583545,0.859375,0.015949059758583545
00005066_030.png,Cardiomegaly,0.4725735250815519,0.13912077617438154,0.054141998291015625,0.7317771491925001
00009608_024.png,Cardiomegaly,0.3064700992257516,0.2994005787266164,0.3608894348144531,0.3300823465006319
00019018_007.png,Cardiomegaly,0.12667152671220014,0.09685739982288591,0.26091575622558594,0.3822819930139776
00000211_041.png,Cardiomegaly,0.5013236309311397,0.28912153436663107,0.1702251434326172,0.7270889612449952
00015770_010.png,Cardiomegaly,0.5950902015617187,0.3312985869806434,0.08388042449951172,0.6126332754926832
00016990_000.png,Cardiomegaly,0.7078113485630085,0.16449614406838214,0.032901763916015625,0.7438266905014131
00027797_000.png,Cardiomegaly,0.17427127201158887,0.1742712720115889,0.8720703125,0.17427127201158887
00011322_006.png,Cardiomegaly,0.651312424653271,0.46109570559119967,0.1358184814453125,0.49415674912028623
00018387_030.png,Cardiomegaly,0.2894911291159058,0.11880168809960177,0.08080482482910156,0.7974347228584516
00007037_000.png,Cardiomegaly,0.2730633480706661,0.2374785329856379,0.4342498779296875,0.35433161327049856
00029808_003.png,Cardiomegaly,0.4451351311896282,0.11388057986069443,0.05017662048339844,0.957922294314973
00013249_031.png,Cardiomegaly,0.8996865870588906,0.42941546624156246,0.0498046875,0.6301553370588906
00014706_018.png,Cardiomegaly,0.0,0.0,0.023284912109375,0.7891847919898214
00000377_004.png,Cardiomegaly,0.7872057807767916,0.6145341885255119,0.1648883819580078,0.584385620415293
00019426_000.png,Cardiomegaly,0.9241748438893885,0.16073840579184262,0.01811981201171875,0.9174843889384473
00005066_005.png,Cardiomegaly,1.0,0.9091172043493894,0.15325927734375,0.49643822281072686
00004630_001.png,Cardiomegaly,1.0,0.2574143274349369,0.04322052001953125,0.8315870570107863
00028509_026.png,Cardiomegaly,0.6004644226896102,0.5930644168457639,0.27044677734375,0.5757509687142591
00002435_005.png,Cardiomegaly,1.0,0.20543486064189165,0.023456573486328125,0.6844698462751281
00026087_000.png,Cardiomegaly,1.0,0.19029348548855568,0.02984333038330078,0.7682226544410491
00020986_000.png,Cardiomegaly,0.8914465904611767,0.24676139918922566,0.03506183624267578,0.9364209696491906
00017511_006.png,Cardiomegaly,1.0,0.21906752055417725,0.027711868286132812,1.0
00016564_000.png,Cardiomegaly,0.9142661700995648,0.25545957424336646,0.037642478942871094,1.0
00012741_004.png,Cardiomegaly,0.1492820686748829,0.12011681683294682,0.443359375,0.2925192074787356
00028018_000.png,Cardiomegaly,1.0,0.13720600700723345,0.025543212890625,0.9086629001883265
00012670_000.png,Cardiomegaly,0.5865019701126917,0.3869220598583282,0.11771392822265625,0.5712854671812757
00014626_028.png,Cardiomegaly,0.9313747645951024,0.23992509088385777,0.04398822784423828,1.0
00000211_019.png,Cardiomegaly,0.6833985223815738,0.2936769274391677,0.09670257568359375,0.7859626249456764
00023325_019.png,Cardiomegaly,1.0,0.23204732390816332,0.03700733184814453,1.0
00011502_001.png,Cardiomegaly,0.9360623486682812,0.24736942004126494,0.035888671875,0.8123486682808704
00018233_057.png,Cardiomegaly,0.6474309355398379,0.33068945142979855,0.08478164672851562,0.6474309355398379
00012261_001.png,Cardiomegaly,0.5964801324463748,0.38303764146874514,0.18482017517089844,0.4331294148286423
00014706_007.png,Cardiomegaly,0.45610683420919856,0.3812359055325883,0.18817520141601562,0.6458172393719057
00004578_004.png,Cardiomegaly,0.5200399493630462,0.5200399493630462,0.29445457458496094,0.38837021672650257
00017893_005.png,Cardiomegaly,0.78435914697696,0.38991052611516386,0.10614013671875,0.8295871418308112
00012364_006.png,Cardiomegaly,0.8719341015077408,0.3416322458129938,0.06468772888183594,1.0
00017524_028.png,Cardiomegaly,0.6031829684003597,0.146901025780488,0.055011749267578125,0.8350598719019781
00004344_022.png,Cardiomegaly,0.7585361492080008,0.4530669930253319,0.11628055572509766,0.423027556103184
00018686_000.png,Cardiomegaly,1.0,0.22347166006108116,0.04801177978515625,1.0
00013249_052.png,Cardiomegaly,0.9751799418466082,0.49563666321892524,0.07473564147949219,1.0
00016606_000.png,Cardiomegaly,0.6829398426037087,0.47160650963502304,0.1559314727783203,0.6016122336583579
00027464_033.png,Cardiomegaly,0.8224759833242707,0.6272331174084355,0.17304229736328125,0.7488419922921077
00022416_018.png,Cardiomegaly,0.45198347439281,0.2777203427173174,0.17720603942871094,0.597581775088682
00004534_001.png,Cardiomegaly,1.0,0.17111947371323755,0.03737926483154297,0.9306606973273641
00004344_018.png,Cardiomegaly,0.8783432113904206,0.28852676056492416,0.07088375091552734,0.8787497304738683
00027685_003.png,Cardiomegaly,0.7763949493033167,0.3557507771259554,0.08713150024414062,0.8421320010961454
00009745_000.png,Cardiomegaly,1.0,0.1967804270828369,0.03274726867675781,1.0
00029391_000.png,Cardiomegaly,0.9847338198049099,0.17996643233116622,0.03199481964111328,1.0
00000740_000.png,Cardiomegaly,0.8885399685399675,0.32158562170340366,0.06633758544921875,1.0
00011322_002.png,Cardiomegaly,0.9088240314046774,0.49712888679274186,0.13516616821289062,0.7961445828829337
00023176_017.png,Cardiomegaly,0.6828009592800389,0.25753749530554015,0.09295272827148438,0.9578397837477749
00009705_000.png,Cardiomegaly,0.5969915240440721,0.44232007060261275,0.20267486572265625,0.724401253702643
00004344_046.png,Cardiomegaly,1.0,0.5470073088566285,0.09361648559570312,0.8700430916925773
00021845_001.png,Cardiomegaly,0.9070568783068781,0.37354108307992895,0.05767822265625,1.0
00013249_033.png,Cardiomegaly,0.8495079365079351,0.19567545112980436,0.03662109375,1.0
00000845_000.png,Cardiomegaly,0.8486495574346038,0.4423701442769174,0.10408401489257812,0.7643168669336897
00000398_003.png,Cardiomegaly,0.9967884437725715,0.7155355440271327,0.124969482421875,0.7502231442369189
00013125_000.png,Cardiomegaly,0.8050762978299228,0.12432224078380302,0.04204845428466797,1.0
00015425_012.png,Cardiomegaly,0.9106921498758246,0.19842304807865413,0.0336456298828125,1.0
00013635_002.png,Cardiomegaly,1.0,0.1617364840784658,0.026371002197265625,1.0
00007043_000.png,Cardiomegaly,1.0,0.1805098363958253,0.04003143310546875,1.0
00001369_000.png,Cardiomegaly,1.0,0.20667317411190658,0.04221916198730469,1.0
00020438_011.png,Cardiomegaly,0.22273396601438927,0.22273396601438927,1.0,0.22273396601438927
00014574_000.png,Cardiomegaly,1.0,0.20297411871169818,0.03351593017578125,1.0
00012094_006.png,Cardiomegaly,0.7479531380317227,0.33777750512481347,0.08131027221679688,0.7318597318679436
00019187_000.png,Cardiomegaly,1.0,0.14570321541730483,0.024847984313964844,1.0
00013615_052.png,Cardiomegaly,0.9277120614700256,0.21395985659372965,0.03698253631591797,1.0
00004344_013.png,Cardiomegaly,0.9214543241091901,0.3219073209618965,0.07608222961425781,0.958917517274459
00019861_010.png,Cardiomegaly,0.9839604839604824,0.45746527990596586,0.09464454650878906,1.0
00022706_001.png,Cardiomegaly,1.0,0.18669112370410085,0.03105926513671875,1.0
00004344_014.png,Cardiomegaly,1.0,0.1976757693797076,0.0396881103515625,1.0
00015064_001.png,Cardiomegaly,0.9430626727214646,0.5833683842310114,0.19075870513916016,0.4995354473009115
00029647_002.png,Cardiomegaly,0.9713268213268221,0.17768961808523398,0.0335235595703125,1.0
00025969_000.png,Cardiomegaly,0.9261703327693173,0.3897615103477636,0.0691375732421875,0.8754089114495203
00015719_005.png,Cardiomegaly,0.4137056199299987,0.39981243276896106,0.5791130065917969,0.41694121884768304
00028607_000.png,Cardiomegaly,1.0,0.20169594571450866,0.042400360107421875,1.0
00030206_013.png,Cardiomegaly,0.234514008869305,0.23451400886930499,0.8212890625,0.234514008869305
00008399_007.png,Cardiomegaly,1.0,0.15819646007100807,0.030684471130371094,1.0
00012686_003.png,Cardiomegaly,0.2644998501248482,0.24120603861605042,0.5710716247558594,0.3610721069491339
00004822_051.png,Cardiomegaly,1.0,0.23651432034163936,0.046563148498535156,1.0
00015304_001.png,Cardiomegaly,0.937801445125623,0.44783994877800964,0.14299488067626953,0.968489994071389
00005066_030.png,Effusion,0.0,0.0,0.13397216796875,0.0
00010277_000.png,Effusion,0.1280394698168107,0.12553334434012492,0.05285167694091797,0.0
00003803_010.png,Effusion,0.14834520064536166,0.14834520064536166,0.5472221374511719,0.14834520064536166
00015090_006.png,Effusion,0.5034549490998891,0.44913028758592366,0.0533599853515625,0.006076311029907337
00017188_002.png,Effusion,0.058657106809383984,0.058657106809384,0.3384389877319336,0.058657106809383984
00018387_030.png,Effusion,0.517023359645918,0.517023359645918,0.2275991439819336,0.5093885293275519
00028518_021.png,Effusion,0.1523145784571263,0.1523145784571263,0.12286949157714844,0.0
00023058_004.png,Effusion,0.2305047057470504,0.22585191169746632,0.24416446685791016,0.10515964507303069
00028628_015.png,Effusion,0.04913040035952445,0.04336507172522201,0.37102317810058594,0.12758976563309668
00021972_001.png,Effusion,0.8218753858024668,0.594961997049508,0.028324127197265625,0.08295926067776599
00021181_002.png,Effusion,0.21728558739967183,0.21728558739967183,0.2595548629760742,0.21728558739967183
00016964_011.png,Effusion,0.17123909302179485,0.17123909302179482,0.030366897583007812,0.0
00008841_025.png,Effusion,0.03856130794396623,0.03856130794396623,0.663909912109375,0.03856130794396623
00015058_024.png,Effusion,0.2736477264013496,0.19375547401410523,0.04145622253417969,0.0
00008547_001.png,Effusion,0.4991524524057618,0.4431943592401115,0.030841827392578125,0.0
00029596_018.png,Effusion,0.047923028137125685,0.04593315923038761,0.3507080078125,0.08299241501334269
00030408_013.png,Effusion,0.03925308799709646,0.03790865249095191,0.21925735473632812,0.023512934920810705
00025252_040.png,Effusion,0.13544948699952952,0.13544948699952952,0.7702560424804688,0.13544948699952952
00019766_023.png,Effusion,0.7481572314190346,0.5585450669988365,0.0533294677734375,0.0
00013750_016.png,Effusion,0.06309759081697998,0.06263294572102138,0.7179622650146484,0.0705161321391176
00021967_000.png,Effusion,0.20554880848773224,0.17628874707238462,0.5495071411132812,0.31772432073821855
00030039_008.png,Effusion,0.5690633661606277,0.4683081547536453,0.20173072814941406,0.0
00025521_003.png,Effusion,0.04302202354572116,0.04220122257726426,0.4258918762207031,0.04738960872749416
00023283_019.png,Effusion,0.0757667002677244,0.060327535848523815,0.20855712890625,0.11791044776119351
00027357_014.png,Effusion,0.18158975471469377,0.13434768301548555,0.3028888702392578,0.2769443497367128
00016417_008.png,Effusion,0.10692870516077206,0.08793400854213217,0.33321189880371094,0.17658573805145866
00027441_002.png,Effusion,0.2276727105214561,0.2276727105214561,0.5130844116210938,0.18310361822740637
00012973_005.png,Effusion,0.2909301231962451,0.20171864869509964,0.27740478515625,0.346000314317146
00010575_002.png,Effusion,0.044287285003930206,0.044099051752822305,0.8502712249755859,0.04855570447387619
00011857_001.png,Effusion,0.15470008081673575,0.15033236705424952,0.23029708862304688,0.13843849463239685
00027817_001.png,Effusion,0.07640684365165197,0.07447919655432565,0.6754302978515625,0.10228852855839336
00003072_028.png,Effusion,0.2633967885729283,0.21857990431644497,0.2609109878540039,0.2791355133431632
00014626_035.png,Effusion,0.2300091925542868,0.2300091925542868,0.7023963928222656,0.2287452883233798
00007034_016.png,Effusion,0.05069967870351526,0.050696074934465325,0.29656219482421875,0.030095261896273748
00014398_031.png,Effusion,0.0,0.0,0.4512519836425781,0.08864650564576682
00028509_007.png,Effusion,0.26316026833530687,0.1862787709198914,0.16541290283203125,0.1132363718360679
00001558_016.png,Effusion,0.7215495672860031,0.426954354201109,0.06397247314453125,0.0
00005089_040.png,Effusion,0.9574545752840328,0.23145054868728718,0.03961372375488281,0.0
00028974_016.png,Effusion,0.41641446460729376,0.3339739280267553,0.046448707580566406,0.0
00011827_003.png,Effusion,0.0,0.0,0.09619903564453125,0.0
00017124_004.png,Effusion,0.36948653558269406,0.26809255294348955,0.0926513671875,0.0
00029588_004.png,Effusion,0.2370365381555842,0.2370365381555842,0.6041679382324219,0.17648016522826507
00005089_014.png,Effusion,1.0,0.2433950016592048,0.03162956237792969,0.0
00001437_012.png,Effusion,0.0,0.0,0.025806427001953125,0.0
00012021_081.png,Infiltration,0.0,0.0,0.13343429565429688,0.17272381121794725
00005066_030.png,Infiltration,0.26121817512293716,0.247930438900597,0.12028312683105469,0.24885810646400877
00019018_007.png,Infiltration,1.0,0.4198639866181394,0.11412525177001953,1.0
00022727_000.png,Infiltration,0.3414895383312153,0.3367227647978014,0.7685546875,0.35564591274883534
00010277_000.png,Infiltration,0.06683601250885632,0.061888700630411554,0.39200878143310547,0.13889325114834397
00028518_012.png,Infiltration,0.33586159922944403,0.2657171957139711,0.3013134002685547,0.4933159382383925
00028208_005.png,Infiltration,1.0,0.11201084619271019,0.03060150146484375,1.0
00018393_000.png,Infiltration,0.027055374255374163,0.02449576535572091,0.25311279296875,0.049805957005956865
00029431_000.png,Infiltration,0.3437764144512607,0.3076656565381192,0.2188720703125,0.2904713848608784
00010805_049.png,Infiltration,0.6408432147562589,0.44345765720297575,0.09072113037109375,0.4628231030626981
00019625_002.png,Infiltration,1.0,0.12318265706662285,0.031589508056640625,1.0
00017544_003.png,Infiltration,0.21289159225881918,0.21289159225881918,0.7571001052856445,0.21289159225881918
00028285_014.png,Infiltration,0.5041624216485705,0.5041624216485705,0.15990829467773438,0.019172818124548057
00012021_054.png,Infiltration,0.7006199597604529,0.34971956142957505,0.058765411376953125,0.1304653371320053
00020184_013.png,Infiltration,0.1693134129493328,0.1395445730361581,0.14341449737548828,0.1776940889951394
00016094_007.png,Infiltration,0.0,0.0,0.22762298583984375,0.0
00003973_008.png,Infiltration,0.1685930554669851,0.15524509088342178,0.1633148193359375,0.11860354800060204
00003149_007.png,Infiltration,0.06779541446208129,0.06779541446208129,1.0,0.06779541446208129
00006304_060.png,Infiltration,0.10938341122219346,0.10938341122219346,0.3849220275878906,0.10938341122219346
00017972_032.png,Infiltration,0.0,0.0,0.021240234375,0.0
00000211_016.png,Infiltration,0.1600994755740629,0.1600994755740629,0.45140743255615234,0.1600994755740629
00026911_000.png,Infiltration,0.000166297377498529,0.00012782351118924832,0.2052450180053711,0.1551346660335747
00019363_043.png,Infiltration,0.05287774142735918,0.01213272223892435,0.015741348266601562,0.5154821483891823
00006096_010.png,Infiltration,0.04059124884521705,0.04059124884521705,1.0,0.04059124884521705
00003333_002.png,Infiltration,1.0,0.20078970478776892,0.022005081176757812,0.46409766048320467
00019706_012.png,Infiltration,0.02243259586873444,0.021164995877318928,0.2997932434082031,0.0488231384282066
00000468_041.png,Infiltration,0.0,0.0,0.0697946548461914,0.0
00010230_001.png,Infiltration,0.0,0.0,0.59765625,0.03163826115722931
00001900_026.png,Infiltration,0.09935947297449221,0.08972848654063736,0.3147850036621094,0.20669424262418468
00019150_002.png,Infiltration,0.32700059432267203,0.2683718820667249,0.20135879516601562,0.281012021913794
00030408_013.png,Infiltration,0.0,0.0,0.05330657958984375,0.0
00002224_007.png,Infiltration,0.05044091710758381,0.05044091710758382,1.0,0.05044091710758381
00011023_004.png,Infiltration,0.1320354666460289,0.09926248423187889,0.10041999816894531,0.3461153235376602
00011124_000.png,Infiltration,0.022078443159970703,0.022078443159970703,0.6290130615234375,0.022078443159970703
00026194_010.png,Infiltration,0.0,0.0,0.13693809509277344,0.0
00019769_014.png,Infiltration,0.031269001427731605,0.031269001427731605,1.0,0.031269001427731605
00025521_003.png,Infiltration,0.16191685949761214,0.1385764667422111,0.10053634643554688,0.11060163063845961
00016786_001.png,Infiltration,1.0,0.5828647630001194,0.0612030029296875,0.18092916486325555
00027357_014.png,Infiltration,0.21902405657208057,0.17568244311681058,0.05483436584472656,0.0
00016417_008.png,Infiltration,0.14600500052168128,0.14600500052168128,0.2937812805175781,0.03051932434876593
00027441_002.png,Infiltration,0.0504557101729017,0.045740458297897954,0.3317298889160156,0.15354282496074018
00013659_019.png,Mass,0.07563610933350068,0.07346001861250787,0.12667179107666016,0.0
00010815_006.png,Mass,0.4653770869314923,0.2792532611098842,0.031658172607421875,0.09148390454900895
00010125_004.png,Mass,0.014933019043971039,0.014933019043971039,0.3692207336425781,0.014933019043971039
00010277_000.png,Mass,0.7557660943635645,0.6912059846148897,0.1685018539428711,0.6527736244619086
00019313_000.png,Mass,0.37804187544899215,0.31880539149326637,0.0177001953125,0.0
00026196_001.png,Mass,0.01143001773673313,0.01143001773673313,0.5598211288452148,0.01143001773673313
00011151_004.png,Mass,0.36562995759912265,0.35859362857975025,0.3394603729248047,0.3619380533054484
00027833_022.png,Mass,0.691245019921594,0.6145825590202929,0.30545711517333984,0.744199187793507
00018762_001.png,Mass,0.02946564099385299,0.02946564099385299,0.20513534545898438,0.0
00022837_005.png,Mass,0.3338373679885354,0.31203111172091436,0.027350425720214844,0.0
00017257_001.png,Mass,1.0,0.342150434796066,0.03625965118408203,0.7730787953049956
00029105_015.png,Mass,0.05016379574157716,0.04958912030333151,0.2274484634399414,0.061752536068697676
00013508_001.png,Mass,0.029660935272309244,0.028731039538351235,0.12886524200439453,0.062026479606921786
00011157_001.png,Mass,0.09149599365224965,0.09149599365224965,0.15758514404296875,0.09149599365224965
00001836_082.png,Mass,0.08662822493050251,0.08507548647716828,0.14599609375,0.10487952759864458
00016568_010.png,Mass,0.320621585172423,0.23284295847490347,0.018299102783203125,0.0
00003440_000.png,Mass,0.01246325690770141,0.01246325690770141,1.0,0.01246325690770141
00014177_010.png,Mass,0.21976765172456375,0.21203829671816204,0.10942649841308594,0.14885203233497668
00028628_020.png,Mass,0.0,0.0,0.030965805053710938,0.0
00017670_005.png,Mass,0.03125479758349808,0.02281147428305094,0.04242420196533203,0.07912496151746157
00015649_000.png,Mass,0.0,0.0,0.027138710021972656,0.0
00022237_002.png,Mass,0.0,0.0,0.41925811767578125,0.029374373869418432
00000830_000.png,Mass,0.01737657504464707,0.01737657504464707,0.636627197265625,0.01737657504464707
00015440_000.png,Mass,0.3575855877980304,0.21142037922386653,0.144012451171875,0.44561487894821217
00017611_002.png,Mass,0.0,0.0,0.20194244384765625,0.057851974481259075
00014551_010.png,Mass,0.0,0.0,0.20427703857421875,0.08791475091833077
00012048_007.png,Mass,0.07081331116642475,0.07081331116642475,0.3010845184326172,0.07081331116642475
00001075_024.png,Mass,0.1975136920014925,0.16585222886911186,0.07491683959960938,0.18502541929673624
00011814_031.png,Mass,1.0,0.354588190727785,0.0190277099609375,0.0
00000902_001.png,Mass,0.0,0.0,0.03515625,0.0
00001688_000.png,Nodule,0.05500946691010498,0.05500946691010498,0.3197364807128906,0.04508186123583188
00023078_000.png,Nodule,0.0,0.0,0.0933237075805664,0.0
00014116_009.png,Nodule,0.056374651833134906,0.0563189994178226,0.051731109619140625,0.0
00015794_000.png,Nodule,0.0,0.0,0.1526470184326172,0.0
00012374_000.png,Nodule,0.3047701656760446,0.2750871464681174,0.015260696411132812,0.0
00026221_001.png,Nodule,0.1360058639416265,0.13244808748916292,0.06988906860351562,0.0
00028876_060.png,Nodule,0.13037865018764438,0.12566499367028502,0.03681755065917969,0.0
00014280_000.png,Nodule,0.006616485913192762,0.006616485913192762,0.43055248260498047,0.006616485913192762
00006736_000.png,Nodule,0.10743626397041679,0.10743626397041676,0.018823623657226562,0.0
00006751_000.png,Nodule,0.0,0.0,0.04626655578613281,0.0
00001836_041.png,Nodule,0.0017894454132198181,0.0017894454132198181,0.4505577087402344,0.0017894454132198181
00026132_016.png,Nodule,0.018140129651268603,0.018140129651268603,0.31519317626953125,0.018140129651268603
00004911_018.png,Nodule,0.014518690919381839,0.014518690919381839,0.5881738662719727,0.014518690919381839
00020332_000.png,Nodule,0.18725680980366807,0.18725680980366807,0.024344444274902344,0.0
00017243_010.png,Nodule,0.0,0.0,0.0515594482421875,0.0
00019013_002.png,Nodule,0.05746469710522847,0.05626820216626436,0.026882171630859375,0.0
00015141_002.png,Nodule,0.1256301910120731,0.12563019101207312,0.025554656982421875,0.0
00017199_005.png,Nodule,0.20645472497324244,0.20442247254131915,0.0232086181640625,0.0
00026285_000.png,Nodule,0.0,0.0,0.2173614501953125,0.0
00002578_000.png,Nodule,0.0,0.0,0.15546798706054688,0.0
00015018_004.png,Nodule,0.0,0.0,0.03462982177734375,0.0
00011832_002.png,Nodule,0.0,0.0,0.03857231140136719,0.0
00013885_000.png,Nodule,0.0035170373760310208,0.0035170373760310208,0.5221595764160156,0.0035170373760310208
00028876_035.png,Nodule,0.0,0.0,0.02453327178955078,0.0
00009403_006.png,Nodule,0.0041851143749680655,0.00418287049487708,0.796875,0.004721559405655272
00021772_016.png,Nodule,0.017882096957195098,0.01777829306897761,0.30136871337890625,0.0036363521907039568
00019124_090.png,Nodule,0.13524130996897907,0.13524130996897907,0.05100440979003906,0.0
00009403_002.png,Nodule,0.0,0.0,0.1320171356201172,0.0
00012415_002.png,Nodule,0.09643281400326978,0.07605951290251568,0.0169677734375,0.06785776619319216
00011450_000.png,Nodule,0.010093167099969816,0.010093167099969816,0.888671875,0.010093167099969816
00026911_005.png,Nodule,0.0,0.0,0.05046844482421875,0.007564734655281771
00002290_001.png,Nodule,0.008117144665014647,0.008117144665014647,0.3581275939941406,0.008117144665014647
00010103_014.png,Nodule,0.004183685530880162,0.004183685530880162,0.42717933654785156,0.004183685530880162
00030413_003.png,Nodule,0.3397436405809003,0.2949909591432842,0.013265609741210938,0.0
00011136_002.png,Pneumonia,0.011946422819847403,0.007816072771646698,0.06737709045410156,0.06668852468152854
00012021_081.png,Pneumonia,0.28698656429942415,0.20838626778612312,0.12471294403076172,0.2150095969289827
00013659_019.png,Pneumonia,0.5197055779335501,0.44181982553738297,0.0648193359375,0.22636989523074236
00010277_000.png,Pneumonia,0.1689947140591356,0.14732076611918213,0.17835330963134766,0.18986380262387095
00022290_015.png,Pneumonia,0.30123599895478764,0.29919869697385604,0.40412139892578125,0.3080451929838299
00028208_005.png,Pneumonia,0.6716193852466386,0.378799322289462,0.1705169677734375,0.8903952274422081
00018393_000.png,Pneumonia,0.0873145800301732,0.0873145800301732,0.352874755859375,0.0873145800301732
00017710_009.png,Pneumonia,0.33778291480776723,0.3250612051845681,0.3827390670776367,0.23231984599111077
00003894_005.png,Pneumonia,0.1215185185185183,0.1215185185185183,1.0,0.1215185185185183
00026196_001.png,Pneumonia,0.032639020755223874,0.032639020755223874,0.6653022766113281,0.032639020755223874
00029431_000.png,Pneumonia,0.29189139479075166,0.26487572545577137,0.21724700927734375,0.23145468370565458
00015090_006.png,Pneumonia,0.047200000000000075,0.047200000000000075,1.0,0.047200000000000075
00013625_069.png,Pneumonia,0.9588046887898307,0.5902535547816494,0.27341651916503906,1.0
00029808_003.png,Pneumonia,0.1652441042530043,0.1624994861279204,0.31192588806152344,0.18213411535693688
00028285_014.png,Pneumonia,0.14908785178164669,0.10314818393314476,0.11257171630859375,0.15959786736605303
00000506_013.png,Pneumonia,0.16306340164880673,0.16306340164880673,0.8876953125,0.16306340164880673
00023283_005.png,Pneumonia,0.45161028134704334,0.3037387246000523,0.050011634826660156,0.20747074557377349
00008291_011.png,Pneumonia,1.0,0.5451899308424736,0.21979904174804688,1.0
00016291_020.png,Pneumonia,0.11563505786024388,0.10484678032483553,0.28012561798095703,0.10561820408582218
00021458_000.png,Pneumonia,0.08550792746196505,0.07274614047687682,0.10816669464111328,0.1435309982649175
00018319_001.png,Pneumonia,1.0,0.06205400167515208,0.012959480285644531,0.9236057797462831
00017952_008.png,Pneumonia,0.9797587301587315,0.4179852288181017,0.039887428283691406,0.0
00021489_013.png,Pneumonia,0.1444817641562401,0.07789766360575656,0.055103302001953125,0.4360052708643173
00014956_010.png,Pneumonia,0.4202550425749935,0.33643563729262316,0.3022613525390625,0.36378716744913936
00008291_009.png,Pneumonia,1.0,0.5257636175754217,0.23868370056152344,0.9703190319031901
00021772_011.png,Pneumonia,0.4561406526101038,0.3578645703818016,0.5671882629394531,0.688036001838338
00012261_001.png,Pneumonia,0.04972839506172847,0.04972839506172847,1.0,0.04972839506172847
00025962_000.png,Pneumonia,0.35884623463341264,0.3513559922254164,0.13097000122070312,0.2298006325124348
00014125_042.png,Pneumonia,0.7368174985801149,0.4528237469977708,0.16907501220703125,0.9847274240532659
00009608_037.png,Pneumonia,0.0,0.0,0.06331825256347656,0.4967457508668274
00011583_000.png,Pneumonia,0.14859443426157967,0.13649357607090282,0.2105255126953125,0.09794609724482928
00007629_001.png,Pneumonia,0.06230849142934336,0.06223610678265099,0.4686698913574219,0.06347155657647993
00019863_010.png,Pneumonia,0.06344976378608473,0.06344976378608472,0.6926660537719727,0.06344976378608473
00012094_011.png,Pneumonia,0.8397883597883585,0.47507086518924246,0.0450897216796875,0.09590828924162101
00000150_002.png,Pneumonia,0.03721396377481046,0.03721396377481047,1.0,0.03721396377481046
00026848_007.png,Pneumonia,0.18396110059349494,0.18396110059349494,0.1735553741455078,0.0
00016291_012.png,Pneumonia,0.11055708160045637,0.11055708160045637,0.4110088348388672,0.1003465097207349
00004344_002.png,Pneumonia,0.22000304064069484,0.21744279932587288,0.27633190155029297,0.1615781542283708
00020845_002.png,Pneumonia,0.06817627002421332,0.06817627002421332,0.5573959350585938,0.06817627002421332
00007444_003.png,Pneumonia,0.14514122291315518,0.14044138523538918,0.2964019775390625,0.11248685425878654
00001933_000.png,Pneumonia,0.658308438480586,0.5347546294835129,0.03651142120361328,0.051531346495262184
00002711_000.png,Pneumonia,0.38372323938737596,0.3669385549848928,0.22824668884277344,0.3579501317119894
00013249_033.png,Pneumonia,0.06930503946376945,0.06930503946376945,0.55859375,0.06930503946376945
00023089_004.png,Pneumonia,0.0,0.0,0.10416793823242188,0.0
00017236_075.png,Pneumonia,0.3441993155357291,0.28726061014660415,0.1988697052001953,0.17622464426033355
00021818_026.png,Pneumonia,0.9267569738773928,0.33252038299496395,0.02768707275390625,0.0
00016064_010.png,Pneumonia,0.16445824432034248,0.15656235531224874,0.22811508178710938,0.21489111493183857
00018063_000.png,Pneumonia,0.061647974927842165,0.061647974927842165,0.49697399139404297,0.061647974927842165
00014177_009.png,Pneumonia,0.18334304418776426,0.15116965190553064,0.2665519714355469,0.14605290968832746
00004808_090.png,Pneumonia,0.22886290088051714,0.1730220203483549,0.18157958984375,0.3031030413811616
00014022_054.png,Pneumonia,0.0,0.0,0.0785064697265625,0.0
00012141_013.png,Pneumonia,0.08779149519890256,0.08779149519890256,1.0,0.08779149519890256
00003391_001.png,Pneumonia,0.5436277302943949,0.22524008331894343,0.03886699676513672,0.5654926117918784
00013659_019.png,Pneumothorax,0.023909342279372057,0.023909342279372057,0.2135639190673828,0.0
00026586_009.png,Pneumothorax,0.0,0.0,0.509765625,0.02813197105151151
00003400_003.png,Pneumothorax,0.08506677676784044,0.08114981132716922,0.3945503234863281,0.03900739733310204
00017972_026.png,Pneumothorax,0.04552015317585919,0.04526230052727773,0.34710693359375,0.04964652325967608
00018865_008.png,Pneumothorax,0.0,0.0,0.10889053344726562,0.0
00029579_014.png,Pneumothorax,0.004883190462518635,0.004883190462518635,0.8818359375,0.004883190462518635
00020318_007.png,Pneumothorax,0.031075690393026986,0.02987237289655154,0.34235477447509766,0.04280467156628333
00009368_006.png,Pneumothorax,0.015135148946624894,0.015135148946624894,0.460052490234375,0.015135148946624894
00012094_040.png,Pneumothorax,0.0,0.0,0.28212928771972656,0.04156427343757867
00008841_025.png,Pneumothorax,0.0,0.0,0.48828125,0.030020187654320955
00027213_044.png,Pneumothorax,0.2992201700381109,0.1517352132638005,0.12758922576904297,0.345394312518322
00017137_016.png,Pneumothorax,0.0,0.0,0.039066314697265625,0.22426303854875498
00026451_068.png,Pneumothorax,0.025182088365389342,0.025029756775532472,0.35819244384765625,0.0312681079469211
00009889_018.png,Pneumothorax,8.43854882404918e-05,8.403024709875116e-05,0.3006305694580078,0.0
00020146_005.png,Pneumothorax,0.3067464707209559,0.2983758950981728,0.19537353515625,0.13787424329202747
00016429_015.png,Pneumothorax,0.0,0.0,0.392578125,0.2990049751243782
00026392_005.png,Pneumothorax,0.0,0.0,0.3157167434692383,0.11246873169176737
00017747_008.png,Pneumothorax,0.0,0.0,0.3103294372558594,0.055964046910878966
00018496_007.png,Pneumothorax,0.0,0.0,0.36128997802734375,0.0
00012094_047.png,Pneumothorax,0.0,0.0,0.2899446487426758,0.024668424234944565
00008841_044.png,Pneumothorax,0.0,0.0,0.28145313262939453,0.0
00028876_027.png,Pneumothorax,0.07369714946140116,0.07369714946140116,0.4292135238647461,0.051685000382992105
00029259_027.png,Pneumothorax,0.1311395590403428,0.08705735678472967,0.04914093017578125,0.0
00027278_007.png,Pneumothorax,0.1299114457467907,0.05438080791257632,0.054168701171875,0.0
00009166_004.png,Pneumothorax,0.06079216300136128,0.0606894263193367,0.3849954605102539,0.0606412989596463
00016568_026.png,Pneumothorax,0.13286952111027447,0.11981839586423514,0.5920495986938477,0.2079627310625328
00026221_001.png,Pneumothorax,0.28415361131181743,0.2732370268570477,0.4759788513183594,0.2988845502823877
00021700_010.png,Pneumothorax,0.06741448120289886,0.06710663364909697,0.4425849914550781,0.02507075114746152
00011355_011.png,Pneumothorax,0.4262372361353524,0.30391295274102287,0.2236309051513672,0.26000989208895986
00011355_027.png,Pneumothorax,0.12405506526275269,0.0841016574435615,0.1394176483154297,0.09600538917166361
00017243_010.png,Pneumothorax,0.09502406521294629,0.09502406521294629,0.7060546875,0.0
00014626_017.png,Pneumothorax,0.0,0.0,0.15918254852294922,0.0
00019124_006.png,Pneumothorax,0.10795628644517527,0.10795628644517527,0.9033203125,0.10795628644517527
00000583_008.png,Atelectasis,0.35264457439895996,0.32139804269171307,0.026907920837402344,0.1589356184325376
00001153_004.png,Atelectasis,0.08965788558726116,0.06630065783399713,0.09273147583007812,0.14893285980043972
00010815_006.png,Atelectasis,0.0,0.0,0.051097869873046875,0.10240636132664685
00026920_000.png,Atelectasis,0.035200633502907946,0.035200633502907946,0.1747303009033203,0.035200633502907946
